tag,name,rank,thLevel,warID,order_,attackerTag,defenderTag,stars,new_stars,destructionPercentage,war_player.defenderTag,defenderName,defenderRank,defenderTH,attacker_is_home_clan,home_clan_tag,home_clan_name,home_clan_level,enemy_clan_tag,enemy_clan_name,enemy_clan_level,war_start_time,war_size,type
#8PYQ0LCG,-_-Jambo-_-,4,11,11139164,1,#8PYQ0LCG,#GQ8R9CUL,3,3,100,#GQ8R9CUL,Paradigm,4,11,1,#VUCVG2J0,Sheer Force,15,#P0RRGR9C,Dark Anima,9,2021-08-30 20:39:29,15,normal
#RVYY9Q8P,ZekeTheFreak,1,12,11139164,2,#RVYY9Q8P,#Y99JYP2Q,3,3,100,#Y99JYP2Q,Alex,2,11,1,#VUCVG2J0,Sheer Force,15,#P0RRGR9C,Dark Anima,9,2021-08-30 20:39:29,15,normal
#8PYQ0LCG,-_-Jambo-_-,4,11,11139164,3,#8PYQ0LCG,#8U8Y9LQJJ,1,1,96,#8U8Y9LQJJ,chocopie,5,11,1,#VUCVG2J0,Sheer Force,15,#P0RRGR9C,Dark Anima,9,2021-08-30 20:39:29,15,normal
#2G2QJG0J9,genos,1,12,11139164,4,#2G2QJG0J9,#RVYY9Q8P,3,3,100,#RVYY9Q8P,ZekeTheFreak,1,12,0,#VUCVG2J0,Sheer Force,15,#P0RRGR9C,Dark Anima,9,2021-08-30 20:39:29,15,normal
#Y9R8VC00,DANG,7,10,11139164,5,#Y9R8VC00,#L9J00GRG,3,3,100,#L9J00GRG,nargepuff,7,10,1,#VUCVG2J0,Sheer Force,15,#P0RRGR9C,Dark Anima,9,2021-08-30 20:39:29,15,normal
#9VV0QLYU,Reveration,12,9,11139164,6,#9VV0QLYU,#Q8R0Q2L2G,3,3,100,#Q8R0Q2L2G,Bernie,12,9,1,#VUCVG2J0,Sheer Force,15,#P0RRGR9C,Dark Anima,9,2021-08-30 20:39:29,15,normal
#YQ2PYYJL8,kennmark,13,9,11139164,7,#YQ2PYYJL8,#9PJG98QCR,3,3,100,#9PJG98QCR,Right Pix,13,8,0,#VUCVG2J0,Sheer Force,15,#P0RRGR9C,Dark Anima,9,2021-08-30 20:39:29,15,normal
#9VV0QLYU,Reveration,12,9,11139164,8,#9VV0QLYU,#YQ2PYYJL8,3,3,100,#YQ2PYYJL8,kennmark,13,9,1,#VUCVG2J0,Sheer Force,15,#P0RRGR9C,Dark Anima,9,2021-08-30 20:39:29,15,normal
#Y99JYP2Q,Alex,2,11,11139164,9,#Y99JYP2Q,#8PYQ0LCG,3,3,100,#8PYQ0LCG,-_-Jambo-_-,4,11,0,#VUCVG2J0,Sheer Force,15,#P0RRGR9C,Dark Anima,9,2021-08-30 20:39:29,15,normal
#QG0JGGVY0,Mugiwara,15,8,11139164,10,#QG0JGGVY0,#QPLLY8QYL,1,1,63,#QPLLY8QYL,Lt. poggers,14,8,0,#VUCVG2J0,Sheer Force,15,#P0RRGR9C,Dark Anima,9,2021-08-30 20:39:29,15,normal
#Y9R8VC00,DANG,7,10,11139164,11,#Y9R8VC00,#Q9RP8QURQ,3,3,100,#Q9RP8QURQ,Raler,8,10,1,#VUCVG2J0,Sheer Force,15,#P0RRGR9C,Dark Anima,9,2021-08-30 20:39:29,15,normal
#2G2QJG0J9,genos,1,12,11139164,12,#2G2QJG0J9,#YR0QRUYCY,2,2,94,#YR0QRUYCY,morfovvt,2,11,0,#VUCVG2J0,Sheer Force,15,#P0RRGR9C,Dark Anima,9,2021-08-30 20:39:29,15,normal
#Y99JYP2Q,Alex,2,11,11139164,13,#Y99JYP2Q,#JCYYY9VY,2,2,99,#JCYYY9VY,Blue,3,11,0,#VUCVG2J0,Sheer Force,15,#P0RRGR9C,Dark Anima,9,2021-08-30 20:39:29,15,normal
#8U8Y9LQJJ,chocopie,5,11,11139164,14,#8U8Y9LQJJ,#JCYYY9VY,2,0,93,#JCYYY9VY,Blue,3,11,0,#VUCVG2J0,Sheer Force,15,#P0RRGR9C,Dark Anima,9,2021-08-30 20:39:29,15,normal
#QG0JGGVY0,Mugiwara,15,8,11139164,15,#QG0JGGVY0,#LLURGGVP0,3,3,100,#LLURGGVP0,MiniPix,15,5,0,#VUCVG2J0,Sheer Force,15,#P0RRGR9C,Dark Anima,9,2021-08-30 20:39:29,15,normal
#8U8Y9LQJJ,chocopie,5,11,11139164,16,#8U8Y9LQJJ,#YR0QRUYCY,1,0,88,#YR0QRUYCY,morfovvt,2,11,0,#VUCVG2J0,Sheer Force,15,#P0RRGR9C,Dark Anima,9,2021-08-30 20:39:29,15,normal
#RVYY9Q8P,ZekeTheFreak,1,12,11139164,17,#RVYY9Q8P,#2G2QJG0J9,3,3,100,#2G2QJG0J9,genos,1,12,1,#VUCVG2J0,Sheer Force,15,#P0RRGR9C,Dark Anima,9,2021-08-30 20:39:29,15,normal
#JCYYY9VY,Blue,3,11,11139164,18,#JCYYY9VY,#8U8Y9LQJJ,3,2,100,#8U8Y9LQJJ,chocopie,5,11,1,#VUCVG2J0,Sheer Force,15,#P0RRGR9C,Dark Anima,9,2021-08-30 20:39:29,15,normal
#QPLLY8QYL,Lt. poggers,14,8,11139164,19,#QPLLY8QYL,#QG0JGGVY0,3,3,100,#QG0JGGVY0,Mugiwara,15,8,1,#VUCVG2J0,Sheer Force,15,#P0RRGR9C,Dark Anima,9,2021-08-30 20:39:29,15,normal
#QPLLY8QYL,Lt. poggers,14,8,11139164,20,#QPLLY8QYL,#RRC8CVUG,3,3,100,#RRC8CVUG,Swimmergirl 52,14,8,1,#VUCVG2J0,Sheer Force,15,#P0RRGR9C,Dark Anima,9,2021-08-30 20:39:29,15,normal
#YCPQ2RPV,yo ho ho,6,10,11139164,21,#YCPQ2RPV,#Q0L0VY0PQ,3,3,100,#Q0L0VY0PQ,Kismet_27,9,9,0,#VUCVG2J0,Sheer Force,15,#P0RRGR9C,Dark Anima,9,2021-08-30 20:39:29,15,normal
#Q9V8UJPCP,:(خالد,15,8,11133413,1,#Q9V8UJPCP,#LLURGGVP0,3,3,100,#LLURGGVP0,MiniPix,15,5,0,#VUCVG2J0,Sheer Force,15,#JUQV9QV9,أبطال القوه,12,2021-08-27 18:56:51,15,normal
#Q9V8UJPCP,:(خالد,15,8,11133413,2,#Q9V8UJPCP,#QY08U9Y8L,3,3,100,#QY08U9Y8L,baconvan,14,8,0,#VUCVG2J0,Sheer Force,15,#JUQV9QV9,أبطال القوه,12,2021-08-27 18:56:51,15,normal
#LUP20JQVQ,امير الرعب,14,9,11133413,3,#LUP20JQVQ,#P82C2VYL,1,1,50,#P82C2VYL,Ivan the great,11,9,0,#VUCVG2J0,Sheer Force,15,#JUQV9QV9,أبطال القوه,12,2021-08-27 18:56:51,15,normal
#RCV08YPR,littlesonshine,1,12,11133413,4,#RCV08YPR,#P0LJ9Q8YV,3,3,100,#P0LJ9Q8YV,مى هايبر,2,12,1,#VUCVG2J0,Sheer Force,15,#JUQV9QV9,أبطال القوه,12,2021-08-27 18:56:51,15,normal
#9VV0QLYU,Reveration,13,9,11133413,5,#9VV0QLYU,#LQQP00VYC,3,3,100,#LQQP00VYC,عبد ا لله ١,13,9,1,#VUCVG2J0,Sheer Force,15,#JUQV9QV9,أبطال القوه,12,2021-08-27 18:56:51,15,normal
#L9088L82J,عبودي,12,9,11133413,6,#L9088L82J,#9VV0QLYU,3,3,100,#9VV0QLYU,Reveration,13,9,0,#VUCVG2J0,Sheer Force,15,#JUQV9QV9,أبطال القوه,12,2021-08-27 18:56:51,15,normal
#LPLCVQCU0,القيصر حمزه,8,10,11133413,7,#LPLCVQCU0,#P82C2VYL,3,2,100,#P82C2VYL,Ivan the great,11,9,0,#VUCVG2J0,Sheer Force,15,#JUQV9QV9,أبطال القوه,12,2021-08-27 18:56:51,15,normal
#L9088L82J,عبودي,12,9,11133413,8,#L9088L82J,#QPYRLQVC9,1,1,84,#QPYRLQVC9,joker face,12,9,0,#VUCVG2J0,Sheer Force,15,#JUQV9QV9,أبطال القوه,12,2021-08-27 18:56:51,15,normal
#LQQP00VYC,عبد ا لله ١,13,9,11133413,9,#LQQP00VYC,#QPYRLQVC9,3,2,100,#QPYRLQVC9,joker face,12,9,0,#VUCVG2J0,Sheer Force,15,#JUQV9QV9,أبطال القوه,12,2021-08-27 18:56:51,15,normal
#LQQP00VYC,عبد ا لله ١,13,9,11133413,10,#LQQP00VYC,#YRPC0UYRL,1,1,68,#YRPC0UYRL,Meximanian,10,9,0,#VUCVG2J0,Sheer Force,15,#JUQV9QV9,أبطال القوه,12,2021-08-27 18:56:51,15,normal
#JCRPPRJQ,✌️FERAS✌️,6,10,11133413,11,#JCRPPRJQ,#9C02URYL,2,2,82,#9C02URYL,spacerock12,8,10,0,#VUCVG2J0,Sheer Force,15,#JUQV9QV9,أبطال القوه,12,2021-08-27 18:56:51,15,normal
#8VGQLU0VY,الصياد,4,11,11133413,12,#8VGQLU0VY,#LUCC0GYPY,2,2,82,#LUCC0GYPY,Lindberghh II,6,10,0,#VUCVG2J0,Sheer Force,15,#JUQV9QV9,أبطال القوه,12,2021-08-27 18:56:51,15,normal
#9VV0QLYU,Reveration,13,9,11133413,13,#9VV0QLYU,#LUP20JQVQ,3,3,100,#LUP20JQVQ,امير الرعب,14,9,1,#VUCVG2J0,Sheer Force,15,#JUQV9QV9,أبطال القوه,12,2021-08-27 18:56:51,15,normal
#2QGLGU0LY,kllacam19k,7,10,11133413,14,#2QGLGU0LY,#JCRPPRJQ,2,2,77,#JCRPPRJQ,✌️FERAS✌️,6,10,1,#VUCVG2J0,Sheer Force,15,#JUQV9QV9,أبطال القوه,12,2021-08-27 18:56:51,15,normal
#P2C9CCUGL,دموع الورد,10,9,11133413,15,#P2C9CCUGL,#YRPC0UYRL,1,0,78,#YRPC0UYRL,Meximanian,10,9,0,#VUCVG2J0,Sheer Force,15,#JUQV9QV9,أبطال القوه,12,2021-08-27 18:56:51,15,normal
#P0LJ9Q8YV,مى هايبر,2,12,11133413,16,#P0LJ9Q8YV,#990LG8Q9R,2,2,98,#990LG8Q9R,Pixal,3,11,0,#VUCVG2J0,Sheer Force,15,#JUQV9QV9,أبطال القوه,12,2021-08-27 18:56:51,15,normal
#P2C9CCUGL,دموع الورد,10,9,11133413,17,#P2C9CCUGL,#Q0L0VY0PQ,2,2,73,#Q0L0VY0PQ,Kismet_27,9,9,0,#VUCVG2J0,Sheer Force,15,#JUQV9QV9,أبطال القوه,12,2021-08-27 18:56:51,15,normal
#PU0RJG8YQ,العفريت,1,13,11133413,18,#PU0RJG8YQ,#YR0QRUYCY,3,3,100,#YR0QRUYCY,morfovvt,2,11,0,#VUCVG2J0,Sheer Force,15,#JUQV9QV9,أبطال القوه,12,2021-08-27 18:56:51,15,normal
#JCYYY9VY,Blue,4,11,11133413,19,#JCYYY9VY,#YUYLPG82,3,3,100,#YUYLPG82,FERDAWS,3,11,1,#VUCVG2J0,Sheer Force,15,#JUQV9QV9,أبطال القوه,12,2021-08-27 18:56:51,15,normal
#YUYLPG82,FERDAWS,3,11,11133413,20,#YUYLPG82,#JCYYY9VY,1,1,57,#JCYYY9VY,Blue,4,11,0,#VUCVG2J0,Sheer Force,15,#JUQV9QV9,أبطال القوه,12,2021-08-27 18:56:51,15,normal
#Y9R8VC00,DANG,5,10,11133413,21,#Y9R8VC00,#LPLCVQCU0,3,3,100,#LPLCVQCU0,القيصر حمزه,8,10,1,#VUCVG2J0,Sheer Force,15,#JUQV9QV9,أبطال القوه,12,2021-08-27 18:56:51,15,normal
#JCYYY9VY,Blue,4,11,11133413,22,#JCYYY9VY,#8VGQLU0VY,3,3,100,#8VGQLU0VY,الصياد,4,11,1,#VUCVG2J0,Sheer Force,15,#JUQV9QV9,أبطال القوه,12,2021-08-27 18:56:51,15,normal
#2QGLGU0LY,kllacam19k,7,10,11133413,23,#2QGLGU0LY,#PRVYPY0LP,3,3,100,#PRVYPY0LP,ANONYMOUS,7,10,1,#VUCVG2J0,Sheer Force,15,#JUQV9QV9,أبطال القوه,12,2021-08-27 18:56:51,15,normal
#Q0L0VY0PQ,Kismet_27,9,9,11133413,24,#Q0L0VY0PQ,#P2C9CCUGL,2,2,75,#P2C9CCUGL,دموع الورد,10,9,1,#VUCVG2J0,Sheer Force,15,#JUQV9QV9,أبطال القوه,12,2021-08-27 18:56:51,15,normal
#Y9R8VC00,DANG,5,10,11133413,25,#Y9R8VC00,#Q8LYL0UVL,3,3,100,#Q8LYL0UVL,STEYR,9,9,1,#VUCVG2J0,Sheer Force,15,#JUQV9QV9,أبطال القوه,12,2021-08-27 18:56:51,15,normal
#QPYRLQVC9,joker face,12,9,11133413,26,#QPYRLQVC9,#PU0RJG8YQ,0,0,29,#PU0RJG8YQ,العفريت,1,13,1,#VUCVG2J0,Sheer Force,15,#JUQV9QV9,أبطال القوه,12,2021-08-27 18:56:51,15,normal
#9C02URYL,spacerock12,8,10,11133413,27,#9C02URYL,#JCRPPRJQ,3,1,100,#JCRPPRJQ,✌️FERAS✌️,6,10,1,#VUCVG2J0,Sheer Force,15,#JUQV9QV9,أبطال القوه,12,2021-08-27 18:56:51,15,normal
#YRPC0UYRL,Meximanian,10,9,11133413,28,#YRPC0UYRL,#Q9V8UJPCP,3,3,100,#Q9V8UJPCP,:(خالد,15,8,1,#VUCVG2J0,Sheer Force,15,#JUQV9QV9,أبطال القوه,12,2021-08-27 18:56:51,15,normal
#990LG8Q9R,Pixal,3,11,11133413,29,#990LG8Q9R,#8CQU90LVJ,3,3,100,#8CQU90LVJ,❤أم فاروق❤,5,11,1,#VUCVG2J0,Sheer Force,15,#JUQV9QV9,أبطال القوه,12,2021-08-27 18:56:51,15,normal
#9C02URYL,spacerock12,8,10,11133413,30,#9C02URYL,#LCYUU9LGU,3,3,100,#LCYUU9LGU,『SW』〆وهم,11,9,1,#VUCVG2J0,Sheer Force,15,#JUQV9QV9,أبطال القوه,12,2021-08-27 18:56:51,15,normal
#YR0QRUYCY,morfovvt,2,11,11133413,31,#YR0QRUYCY,#P2C9CCUGL,3,1,100,#P2C9CCUGL,دموع الورد,10,9,1,#VUCVG2J0,Sheer Force,15,#JUQV9QV9,أبطال القوه,12,2021-08-27 18:56:51,15,normal
#YRPC0UYRL,Meximanian,10,9,11133413,32,#YRPC0UYRL,#L9088L82J,3,3,100,#L9088L82J,عبودي,12,9,1,#VUCVG2J0,Sheer Force,15,#JUQV9QV9,أبطال القوه,12,2021-08-27 18:56:51,15,normal
#PRVYPY0LP,ANONYMOUS,7,10,11133413,33,#PRVYPY0LP,#9C02URYL,3,1,100,#9C02URYL,spacerock12,8,10,0,#VUCVG2J0,Sheer Force,15,#JUQV9QV9,أبطال القوه,12,2021-08-27 18:56:51,15,normal
#LCYUU9LGU,『SW』〆وهم,11,9,11133413,34,#LCYUU9LGU,#YRPC0UYRL,3,2,100,#YRPC0UYRL,Meximanian,10,9,0,#VUCVG2J0,Sheer Force,15,#JUQV9QV9,أبطال القوه,12,2021-08-27 18:56:51,15,normal
#PRVYPY0LP,ANONYMOUS,7,10,11133413,35,#PRVYPY0LP,#Y9R8VC00,3,3,100,#Y9R8VC00,DANG,5,10,0,#VUCVG2J0,Sheer Force,15,#JUQV9QV9,أبطال القوه,12,2021-08-27 18:56:51,15,normal
#LPLCVQCU0,القيصر حمزه,8,10,11133413,36,#LPLCVQCU0,#2QGLGU0LY,2,2,76,#2QGLGU0LY,kllacam19k,7,10,0,#VUCVG2J0,Sheer Force,15,#JUQV9QV9,أبطال القوه,12,2021-08-27 18:56:51,15,normal
#Q0L0VY0PQ,Kismet_27,9,9,11133413,37,#Q0L0VY0PQ,#PU0RJG8YQ,0,0,27,#PU0RJG8YQ,العفريت,1,13,1,#VUCVG2J0,Sheer Force,15,#JUQV9QV9,أبطال القوه,12,2021-08-27 18:56:51,15,normal
#PU0RJG8YQ,العفريت,1,13,11133413,38,#PU0RJG8YQ,#RCV08YPR,1,1,74,#RCV08YPR,littlesonshine,1,12,0,#VUCVG2J0,Sheer Force,15,#JUQV9QV9,أبطال القوه,12,2021-08-27 18:56:51,15,normal
#P0LJ9Q8YV,مى هايبر,2,12,11133413,39,#P0LJ9Q8YV,#JCYYY9VY,2,1,83,#JCYYY9VY,Blue,4,11,0,#VUCVG2J0,Sheer Force,15,#JUQV9QV9,أبطال القوه,12,2021-08-27 18:56:51,15,normal
#8VGQLU0VY,الصياد,4,11,11133413,40,#8VGQLU0VY,#2QGLGU0LY,1,0,68,#2QGLGU0LY,kllacam19k,7,10,0,#VUCVG2J0,Sheer Force,15,#JUQV9QV9,أبطال القوه,12,2021-08-27 18:56:51,15,normal
#YR0QRUYCY,morfovvt,2,11,11133413,41,#YR0QRUYCY,#PU0RJG8YQ,1,1,65,#PU0RJG8YQ,العفريت,1,13,1,#VUCVG2J0,Sheer Force,15,#JUQV9QV9,أبطال القوه,12,2021-08-27 18:56:51,15,normal
#RCV08YPR,littlesonshine,1,12,11133413,42,#RCV08YPR,#PU0RJG8YQ,2,1,77,#PU0RJG8YQ,العفريت,1,13,1,#VUCVG2J0,Sheer Force,15,#JUQV9QV9,أبطال القوه,12,2021-08-27 18:56:51,15,normal
#990LG8Q9R,Pixal,3,11,11133413,43,#990LG8Q9R,#YUYLPG82,2,0,91,#YUYLPG82,FERDAWS,3,11,1,#VUCVG2J0,Sheer Force,15,#JUQV9QV9,أبطال القوه,12,2021-08-27 18:56:51,15,normal
#YRPC0UYRL,Meximanian,11,9,11128265,1,#YRPC0UYRL,#Q9CQC8QLR,3,3,100,#Q9CQC8QLR,buntelan kentut,12,9,1,#VUCVG2J0,Sheer Force,15,#V8Q0GJRP,SENDAL JEPIT !!,6,2021-08-24 22:38:28,15,normal
#JCYYY9VY,Blue,3,11,11128265,2,#JCYYY9VY,#9PRPR208P,3,3,100,#9PRPR208P,ADE ADEM 02,3,11,1,#VUCVG2J0,Sheer Force,15,#V8Q0GJRP,SENDAL JEPIT !!,6,2021-08-24 22:38:28,15,normal
#RVYY9Q8P,ZekeTheFreak,1,12,11128265,3,#RVYY9Q8P,#98JQYGRUQ,3,3,100,#98JQYGRUQ,tokek uyee,2,12,1,#VUCVG2J0,Sheer Force,15,#V8Q0GJRP,SENDAL JEPIT !!,6,2021-08-24 22:38:28,15,normal
#JCYYY9VY,Blue,3,11,11128265,4,#JCYYY9VY,#L2Q2UG2C,1,1,50,#L2Q2UG2C,ADE ADEM 01,1,13,1,#VUCVG2J0,Sheer Force,15,#V8Q0GJRP,SENDAL JEPIT !!,6,2021-08-24 22:38:28,15,normal
#RVYY9Q8P,ZekeTheFreak,1,12,11128265,5,#RVYY9Q8P,#L2Q2UG2C,1,0,72,#L2Q2UG2C,ADE ADEM 01,1,13,1,#VUCVG2J0,Sheer Force,15,#V8Q0GJRP,SENDAL JEPIT !!,6,2021-08-24 22:38:28,15,normal
#YRPC0UYRL,Meximanian,11,9,11128265,6,#YRPC0UYRL,#Q28GURUVR,3,3,100,#Q28GURUVR,yozza,13,7,1,#VUCVG2J0,Sheer Force,15,#V8Q0GJRP,SENDAL JEPIT !!,6,2021-08-24 22:38:28,15,normal
#2G0R9YRCR,John,8,10,11128265,7,#2G0R9YRCR,#9QCUJ88U0,3,3,100,#9QCUJ88U0,And I Hope,7,11,1,#VUCVG2J0,Sheer Force,15,#V8Q0GJRP,SENDAL JEPIT !!,6,2021-08-24 22:38:28,15,normal
#QPYRLQVC9,joker face,13,9,11128265,8,#QPYRLQVC9,#Y29GJJYQ8,3,3,100,#Y29GJJYQ8,RIDHO UYEE ✌,14,8,1,#VUCVG2J0,Sheer Force,15,#V8Q0GJRP,SENDAL JEPIT !!,6,2021-08-24 22:38:28,15,normal
#Q9UPU9920,CHOU NGOR MU,10,9,11128265,9,#Q9UPU9920,#LLURGGVP0,3,3,100,#LLURGGVP0,MiniPix,15,5,0,#VUCVG2J0,Sheer Force,15,#V8Q0GJRP,SENDAL JEPIT !!,6,2021-08-24 22:38:28,15,normal
#Q9UPU9920,CHOU NGOR MU,10,9,11128265,10,#Q9UPU9920,#9PJG98QCR,3,3,100,#9PJG98QCR,Right Pix,14,8,0,#VUCVG2J0,Sheer Force,15,#V8Q0GJRP,SENDAL JEPIT !!,6,2021-08-24 22:38:28,15,normal
#P0CGLGJJ8,ADE ADEM 04,6,10,11128265,11,#P0CGLGJJ8,#2G0R9YRCR,2,2,84,#2G0R9YRCR,John,8,10,0,#VUCVG2J0,Sheer Force,15,#V8Q0GJRP,SENDAL JEPIT !!,6,2021-08-24 22:38:28,15,normal
#9R2VGLQUU,ADE ADEM 05,5,10,11128265,12,#9R2VGLQUU,#292LQVGP8,3,3,100,#292LQVGP8,SkyNet,5,10,0,#VUCVG2J0,Sheer Force,15,#V8Q0GJRP,SENDAL JEPIT !!,6,2021-08-24 22:38:28,15,normal
#Q0P9JRJUJ,HMM BAU MEMEK,9,10,11128265,13,#Q0P9JRJUJ,#YY0QGPYR8,2,2,94,#YY0QGPYR8,STAR,9,9,0,#VUCVG2J0,Sheer Force,15,#V8Q0GJRP,SENDAL JEPIT !!,6,2021-08-24 22:38:28,15,normal
#9PRPR208P,ADE ADEM 02,3,11,11128265,14,#9PRPR208P,#JCYYY9VY,2,2,94,#JCYYY9VY,Blue,3,11,0,#VUCVG2J0,Sheer Force,15,#V8Q0GJRP,SENDAL JEPIT !!,6,2021-08-24 22:38:28,15,normal
#L2Q2UG2C,ADE ADEM 01,1,13,11128265,15,#L2Q2UG2C,#RVYY9Q8P,2,2,79,#RVYY9Q8P,ZekeTheFreak,1,12,0,#VUCVG2J0,Sheer Force,15,#V8Q0GJRP,SENDAL JEPIT !!,6,2021-08-24 22:38:28,15,normal
#8PYQ0LCG,-_-Jambo-_-,4,11,11128265,16,#8PYQ0LCG,#P0G9CGY9C,3,3,100,#P0G9CGY9C,Mr.Crazy,4,11,1,#VUCVG2J0,Sheer Force,15,#V8Q0GJRP,SENDAL JEPIT !!,6,2021-08-24 22:38:28,15,normal
#LQRRGRCPU,Δπt¡ t¤x¡¢,8,10,11128265,17,#LQRRGRCPU,#2G0R9YRCR,3,1,100,#2G0R9YRCR,John,8,10,0,#VUCVG2J0,Sheer Force,15,#V8Q0GJRP,SENDAL JEPIT !!,6,2021-08-24 22:38:28,15,normal
#Q9CQC8QLR,buntelan kentut,12,9,11128265,18,#Q9CQC8QLR,#P82C2VYL,3,3,100,#P82C2VYL,Ivan the great,12,9,0,#VUCVG2J0,Sheer Force,15,#V8Q0GJRP,SENDAL JEPIT !!,6,2021-08-24 22:38:28,15,normal
#LUVLQ8Y2J,kontol kecepit,11,9,11128265,19,#LUVLQ8Y2J,#YRPC0UYRL,1,1,63,#YRPC0UYRL,Meximanian,11,9,0,#VUCVG2J0,Sheer Force,15,#V8Q0GJRP,SENDAL JEPIT !!,6,2021-08-24 22:38:28,15,normal
#LQRRGRCPU,Δπt¡ t¤x¡¢,8,10,11128265,20,#LQRRGRCPU,#YRPC0UYRL,3,2,100,#YRPC0UYRL,Meximanian,11,9,0,#VUCVG2J0,Sheer Force,15,#V8Q0GJRP,SENDAL JEPIT !!,6,2021-08-24 22:38:28,15,normal
#Q0L0VY0PQ,Kismet_27,10,9,11128265,21,#Q0L0VY0PQ,#Q9UPU9920,3,3,100,#Q9UPU9920,CHOU NGOR MU,10,9,1,#VUCVG2J0,Sheer Force,15,#V8Q0GJRP,SENDAL JEPIT !!,6,2021-08-24 22:38:28,15,normal
#P82C2VYL,Ivan the great,12,9,11128265,22,#P82C2VYL,#LUVLQ8Y2J,3,3,100,#LUVLQ8Y2J,kontol kecepit,11,9,1,#VUCVG2J0,Sheer Force,15,#V8Q0GJRP,SENDAL JEPIT !!,6,2021-08-24 22:38:28,15,normal
#P82C2VYL,Ivan the great,12,9,11128265,23,#P82C2VYL,#Q0P9JRJUJ,3,3,100,#Q0P9JRJUJ,HMM BAU MEMEK,9,10,1,#VUCVG2J0,Sheer Force,15,#V8Q0GJRP,SENDAL JEPIT !!,6,2021-08-24 22:38:28,15,normal
#9QCUJ88U0,And I Hope,7,11,11128265,24,#9QCUJ88U0,#8PYQ0LCG,2,2,81,#8PYQ0LCG,-_-Jambo-_-,4,11,0,#VUCVG2J0,Sheer Force,15,#V8Q0GJRP,SENDAL JEPIT !!,6,2021-08-24 22:38:28,15,normal
#P0G9CGY9C,Mr.Crazy,4,11,11128265,25,#P0G9CGY9C,#8Y0C08VU0,2,2,70,#8Y0C08VU0,ml,6,10,0,#VUCVG2J0,Sheer Force,15,#V8Q0GJRP,SENDAL JEPIT !!,6,2021-08-24 22:38:28,15,normal
#P0G9CGY9C,Mr.Crazy,4,11,11128265,26,#P0G9CGY9C,#9C02URYL,3,3,100,#9C02URYL,spacerock12,7,10,0,#VUCVG2J0,Sheer Force,15,#V8Q0GJRP,SENDAL JEPIT !!,6,2021-08-24 22:38:28,15,normal
#Q0L0VY0PQ,Kismet_27,10,9,11128265,27,#Q0L0VY0PQ,#LQRRGRCPU,1,1,78,#LQRRGRCPU,Δπt¡ t¤x¡¢,8,10,1,#VUCVG2J0,Sheer Force,15,#V8Q0GJRP,SENDAL JEPIT !!,6,2021-08-24 22:38:28,15,normal
#98JQYGRUQ,tokek uyee,2,12,11128265,28,#98JQYGRUQ,#JCYYY9VY,2,0,96,#JCYYY9VY,Blue,3,11,0,#VUCVG2J0,Sheer Force,15,#V8Q0GJRP,SENDAL JEPIT !!,6,2021-08-24 22:38:28,15,normal
#9QCUJ88U0,And I Hope,7,11,11128265,29,#9QCUJ88U0,#8Y0C08VU0,3,1,100,#8Y0C08VU0,ml,6,10,0,#VUCVG2J0,Sheer Force,15,#V8Q0GJRP,SENDAL JEPIT !!,6,2021-08-24 22:38:28,15,normal
#9C02URYL,spacerock12,7,10,11128265,30,#9C02URYL,#9R2VGLQUU,1,1,90,#9R2VGLQUU,ADE ADEM 05,5,10,1,#VUCVG2J0,Sheer Force,15,#V8Q0GJRP,SENDAL JEPIT !!,6,2021-08-24 22:38:28,15,normal
#9R2VGLQUU,ADE ADEM 05,5,10,11128265,31,#9R2VGLQUU,#Q0L0VY0PQ,3,3,100,#Q0L0VY0PQ,Kismet_27,10,9,0,#VUCVG2J0,Sheer Force,15,#V8Q0GJRP,SENDAL JEPIT !!,6,2021-08-24 22:38:28,15,normal
#P0CGLGJJ8,ADE ADEM 04,6,10,11128265,32,#P0CGLGJJ8,#QPYRLQVC9,3,3,100,#QPYRLQVC9,joker face,13,9,0,#VUCVG2J0,Sheer Force,15,#V8Q0GJRP,SENDAL JEPIT !!,6,2021-08-24 22:38:28,15,normal
#9PRPR208P,ADE ADEM 02,3,11,11128265,33,#9PRPR208P,#8PYQ0LCG,2,0,81,#8PYQ0LCG,-_-Jambo-_-,4,11,0,#VUCVG2J0,Sheer Force,15,#V8Q0GJRP,SENDAL JEPIT !!,6,2021-08-24 22:38:28,15,normal
#2G0R9YRCR,John,8,10,11128265,34,#2G0R9YRCR,#LQRRGRCPU,3,2,100,#LQRRGRCPU,Δπt¡ t¤x¡¢,8,10,1,#VUCVG2J0,Sheer Force,15,#V8Q0GJRP,SENDAL JEPIT !!,6,2021-08-24 22:38:28,15,normal
#98JQYGRUQ,tokek uyee,2,12,11128265,35,#98JQYGRUQ,#YUGRG09CG,3,3,100,#YUGRG09CG,Ice Witch,2,11,0,#VUCVG2J0,Sheer Force,15,#V8Q0GJRP,SENDAL JEPIT !!,6,2021-08-24 22:38:28,15,normal
#L2Q2UG2C,ADE ADEM 01,1,13,11128265,36,#L2Q2UG2C,#8PYQ0LCG,3,1,100,#8PYQ0LCG,-_-Jambo-_-,4,11,0,#VUCVG2J0,Sheer Force,15,#V8Q0GJRP,SENDAL JEPIT !!,6,2021-08-24 22:38:28,15,normal
#Q0P9JRJUJ,HMM BAU MEMEK,9,10,11128265,37,#Q0P9JRJUJ,#JCYYY9VY,2,0,61,#JCYYY9VY,Blue,3,11,0,#VUCVG2J0,Sheer Force,15,#V8Q0GJRP,SENDAL JEPIT !!,6,2021-08-24 22:38:28,15,normal
#292LQVGP8,SkyNet,5,10,11128265,38,#292LQVGP8,#9R2VGLQUU,3,2,100,#9R2VGLQUU,ADE ADEM 05,5,10,1,#VUCVG2J0,Sheer Force,15,#V8Q0GJRP,SENDAL JEPIT !!,6,2021-08-24 22:38:28,15,normal
#9PJG98QCR,Right Pix,14,8,11128265,39,#9PJG98QCR,#PV02R9QCV,3,3,100,#PV02R9QCV,Ade Adem,15,8,1,#VUCVG2J0,Sheer Force,15,#V8Q0GJRP,SENDAL JEPIT !!,6,2021-08-24 22:38:28,15,normal
#292LQVGP8,SkyNet,5,10,11128265,40,#292LQVGP8,#P0CGLGJJ8,2,2,89,#P0CGLGJJ8,ADE ADEM 04,6,10,1,#VUCVG2J0,Sheer Force,15,#V8Q0GJRP,SENDAL JEPIT !!,6,2021-08-24 22:38:28,15,normal
#9C02URYL,spacerock12,7,10,11128265,41,#9C02URYL,#P0CGLGJJ8,3,1,100,#P0CGLGJJ8,ADE ADEM 04,6,10,1,#VUCVG2J0,Sheer Force,15,#V8Q0GJRP,SENDAL JEPIT !!,6,2021-08-24 22:38:28,15,normal
#YY0QGPYR8,STAR,9,9,11128265,42,#YY0QGPYR8,#Q0P9JRJUJ,2,0,60,#Q0P9JRJUJ,HMM BAU MEMEK,9,10,1,#VUCVG2J0,Sheer Force,15,#V8Q0GJRP,SENDAL JEPIT !!,6,2021-08-24 22:38:28,15,normal
#8Y0C08VU0,ml,6,10,11128265,43,#8Y0C08VU0,#9QCUJ88U0,3,0,100,#9QCUJ88U0,And I Hope,7,11,1,#VUCVG2J0,Sheer Force,15,#V8Q0GJRP,SENDAL JEPIT !!,6,2021-08-24 22:38:28,15,normal
#9PJG98QCR,Right Pix,14,8,11128265,44,#9PJG98QCR,#Q28GURUVR,3,0,100,#Q28GURUVR,yozza,13,7,1,#VUCVG2J0,Sheer Force,15,#V8Q0GJRP,SENDAL JEPIT !!,6,2021-08-24 22:38:28,15,normal
#YUGRG09CG,Ice Witch,2,11,11128265,45,#YUGRG09CG,#L2Q2UG2C,0,0,24,#L2Q2UG2C,ADE ADEM 01,1,13,1,#VUCVG2J0,Sheer Force,15,#V8Q0GJRP,SENDAL JEPIT !!,6,2021-08-24 22:38:28,15,normal
#YY0QGPYR8,STAR,9,9,11128265,46,#YY0QGPYR8,#Q9UPU9920,1,0,77,#Q9UPU9920,CHOU NGOR MU,10,9,1,#VUCVG2J0,Sheer Force,15,#V8Q0GJRP,SENDAL JEPIT !!,6,2021-08-24 22:38:28,15,normal
#QPYRLQVC9,joker face,13,9,11128265,47,#QPYRLQVC9,#Q28GURUVR,3,0,100,#Q28GURUVR,yozza,13,7,1,#VUCVG2J0,Sheer Force,15,#V8Q0GJRP,SENDAL JEPIT !!,6,2021-08-24 22:38:28,15,normal
#QYP2UVGJU,Jake2,19,8,11122453,1,#QYP2UVGJU,#9PJG98QCR,3,3,100,#9PJG98QCR,Right Pix,18,8,0,#VUCVG2J0,Sheer Force,15,#2JR2CPYV,Starfleet,18,2021-08-21 22:07:51,20,normal
#GYQGCLCL,C Pass,13,9,11122453,2,#GYQGCLCL,#29Q8Y200G,2,2,56,#29Q8Y200G,Pixalite,13,9,0,#VUCVG2J0,Sheer Force,15,#2JR2CPYV,Starfleet,18,2021-08-21 22:07:51,20,normal
#LUVUPQ29V,GooseBender,15,9,11122453,3,#LUVUPQ29V,#QPYRLQVC9,2,2,98,#QPYRLQVC9,joker face,16,9,0,#VUCVG2J0,Sheer Force,15,#2JR2CPYV,Starfleet,18,2021-08-21 22:07:51,20,normal
#282JVQYLC,Jake,7,10,11122453,4,#282JVQYLC,#9C02URYL,2,2,67,#9C02URYL,spacerock12,8,10,0,#VUCVG2J0,Sheer Force,15,#2JR2CPYV,Starfleet,18,2021-08-21 22:07:51,20,normal
#JCYYY9VY,Blue,3,11,11122453,5,#JCYYY9VY,#PRVRYCVJ2,3,3,100,#PRVRYCVJ2,Punisher's War,3,12,1,#VUCVG2J0,Sheer Force,15,#2JR2CPYV,Starfleet,18,2021-08-21 22:07:51,20,normal
#Q8ULRQ999,Jim,18,8,11122453,6,#Q8ULRQ999,#QY08U9Y8L,0,0,47,#QY08U9Y8L,baconvan,19,8,0,#VUCVG2J0,Sheer Force,15,#2JR2CPYV,Starfleet,18,2021-08-21 22:07:51,20,normal
#QYP2UVGJU,Jake2,19,8,11122453,7,#QYP2UVGJU,#Y9CP0YPC8,1,1,57,#Y9CP0YPC8,marbabe,17,8,0,#VUCVG2J0,Sheer Force,15,#2JR2CPYV,Starfleet,18,2021-08-21 22:07:51,20,normal
#LUVUPQ29V,GooseBender,15,9,11122453,8,#LUVUPQ29V,#P82C2VYL,2,2,95,#P82C2VYL,Ivan the great,15,9,0,#VUCVG2J0,Sheer Force,15,#2JR2CPYV,Starfleet,18,2021-08-21 22:07:51,20,normal
#Q8ULRQ999,Jim,18,8,11122453,9,#Q8ULRQ999,#Y9CP0YPC8,1,0,56,#Y9CP0YPC8,marbabe,17,8,0,#VUCVG2J0,Sheer Force,15,#2JR2CPYV,Starfleet,18,2021-08-21 22:07:51,20,normal
#JCYYY9VY,Blue,3,11,11122453,10,#JCYYY9VY,#9QY00C9P2,2,2,99,#9QY00C9P2,Meat,1,12,1,#VUCVG2J0,Sheer Force,15,#2JR2CPYV,Starfleet,18,2021-08-21 22:07:51,20,normal
#282JVQYLC,Jake,7,10,11122453,11,#282JVQYLC,#29Q8Y200G,3,1,100,#29Q8Y200G,Pixalite,13,9,0,#VUCVG2J0,Sheer Force,15,#2JR2CPYV,Starfleet,18,2021-08-21 22:07:51,20,normal
#9PJG98QCR,Right Pix,18,8,11122453,12,#9PJG98QCR,#Q8ULRQ999,3,3,100,#Q8ULRQ999,Jim,18,8,1,#VUCVG2J0,Sheer Force,15,#2JR2CPYV,Starfleet,18,2021-08-21 22:07:51,20,normal
#GYQGCLCL,C Pass,13,9,11122453,13,#GYQGCLCL,#QY08U9Y8L,3,3,100,#QY08U9Y8L,baconvan,19,8,0,#VUCVG2J0,Sheer Force,15,#2JR2CPYV,Starfleet,18,2021-08-21 22:07:51,20,normal
#29Q8Y200G,Pixalite,13,9,11122453,14,#29Q8Y200G,#GYQGCLCL,3,3,100,#GYQGCLCL,C Pass,13,9,1,#VUCVG2J0,Sheer Force,15,#2JR2CPYV,Starfleet,18,2021-08-21 22:07:51,20,normal
#9PJG98QCR,Right Pix,18,8,11122453,15,#9PJG98QCR,#Q0G8YV9JC,3,3,100,#Q0G8YV9JC,freelegnd,17,8,1,#VUCVG2J0,Sheer Force,15,#2JR2CPYV,Starfleet,18,2021-08-21 22:07:51,20,normal
#QU29PUQ8,Pork_Adobo,9,9,11122453,16,#QU29PUQ8,#PR8R0909Y,3,3,100,#PR8R0909Y,Micah,10,9,1,#VUCVG2J0,Sheer Force,15,#2JR2CPYV,Starfleet,18,2021-08-21 22:07:51,20,normal
#29Q8Y200G,Pixalite,13,9,11122453,17,#29Q8Y200G,#PY99VGPUJ,1,1,84,#PY99VGPUJ,Soorya,11,9,1,#VUCVG2J0,Sheer Force,15,#2JR2CPYV,Starfleet,18,2021-08-21 22:07:51,20,normal
#P82C2VYL,Ivan the great,15,9,11122453,18,#P82C2VYL,#L9ULGUVPY,3,3,100,#L9ULGUVPY,KINGRIDER007,12,10,1,#VUCVG2J0,Sheer Force,15,#2JR2CPYV,Starfleet,18,2021-08-21 22:07:51,20,normal
#YRPC0UYRL,Meximanian,14,9,11122453,19,#YRPC0UYRL,#QYGUUGUJG,3,3,100,#QYGUUGUJG,FlameJeff,16,9,1,#VUCVG2J0,Sheer Force,15,#2JR2CPYV,Starfleet,18,2021-08-21 22:07:51,20,normal
#RCV08YPR,littlesonshine,1,12,11122453,20,#RCV08YPR,#9YQY8R22R,3,3,100,#9YQY8R22R,bri,2,12,1,#VUCVG2J0,Sheer Force,15,#2JR2CPYV,Starfleet,18,2021-08-21 22:07:51,20,normal
#QPYRLQVC9,joker face,16,9,11122453,21,#QPYRLQVC9,#QYP2UVGJU,3,3,100,#QYP2UVGJU,Jake2,19,8,1,#VUCVG2J0,Sheer Force,15,#2JR2CPYV,Starfleet,18,2021-08-21 22:07:51,20,normal
#9YQY8R22R,bri,2,12,11122453,22,#9YQY8R22R,#990LG8Q9R,2,2,94,#990LG8Q9R,Pixal,2,11,0,#VUCVG2J0,Sheer Force,15,#2JR2CPYV,Starfleet,18,2021-08-21 22:07:51,20,normal
#L9ULGUVPY,KINGRIDER007,12,10,11122453,23,#L9ULGUVPY,#2P9C8Y8R8,2,2,84,#2P9C8Y8R8,PENCIL,12,9,0,#VUCVG2J0,Sheer Force,15,#2JR2CPYV,Starfleet,18,2021-08-21 22:07:51,20,normal
#PY99VGPUJ,Soorya,11,9,11122453,24,#PY99VGPUJ,#Q0L0VY0PQ,2,2,85,#Q0L0VY0PQ,Kismet_27,11,9,0,#VUCVG2J0,Sheer Force,15,#2JR2CPYV,Starfleet,18,2021-08-21 22:07:51,20,normal
#CYP2C8GP,Chief T,4,11,11122453,25,#CYP2C8GP,#292LQVGP8,3,3,100,#292LQVGP8,SkyNet,5,10,0,#VUCVG2J0,Sheer Force,15,#2JR2CPYV,Starfleet,18,2021-08-21 22:07:51,20,normal
#L9ULGUVPY,KINGRIDER007,12,10,11122453,26,#L9ULGUVPY,#Y9CP0YPC8,3,2,100,#Y9CP0YPC8,marbabe,17,8,0,#VUCVG2J0,Sheer Force,15,#2JR2CPYV,Starfleet,18,2021-08-21 22:07:51,20,normal
#YPCQ8UJVU,snap-xhunterxcw,9,10,11122453,27,#YPCQ8UJVU,#YRPC0UYRL,3,3,100,#YRPC0UYRL,Meximanian,14,9,0,#VUCVG2J0,Sheer Force,15,#2JR2CPYV,Starfleet,18,2021-08-21 22:07:51,20,normal
#PR8R0909Y,Micah,10,9,11122453,28,#PR8R0909Y,#P82C2VYL,3,1,100,#P82C2VYL,Ivan the great,15,9,0,#VUCVG2J0,Sheer Force,15,#2JR2CPYV,Starfleet,18,2021-08-21 22:07:51,20,normal
#YRPC0UYRL,Meximanian,14,9,11122453,29,#YRPC0UYRL,#YVJ8U9VQL,2,2,97,#YVJ8U9VQL,John Wick,14,9,1,#VUCVG2J0,Sheer Force,15,#2JR2CPYV,Starfleet,18,2021-08-21 22:07:51,20,normal
#QU29PUQ8,Pork_Adobo,9,9,11122453,30,#QU29PUQ8,#PY99VGPUJ,3,2,100,#PY99VGPUJ,Soorya,11,9,1,#VUCVG2J0,Sheer Force,15,#2JR2CPYV,Starfleet,18,2021-08-21 22:07:51,20,normal
#990LG8Q9R,Pixal,2,11,11122453,31,#990LG8Q9R,#YCVYJG0CC,3,3,100,#YCVYJG0CC,ron,5,11,1,#VUCVG2J0,Sheer Force,15,#2JR2CPYV,Starfleet,18,2021-08-21 22:07:51,20,normal
#8Y0C08VU0,ml,6,10,11122453,32,#8Y0C08VU0,#YPCQ8UJVU,3,3,100,#YPCQ8UJVU,snap-xhunterxcw,9,10,1,#VUCVG2J0,Sheer Force,15,#2JR2CPYV,Starfleet,18,2021-08-21 22:07:51,20,normal
#8Y0C08VU0,ml,6,10,11122453,33,#8Y0C08VU0,#2UP9CQUC9,2,2,92,#2UP9CQUC9,Kirby,8,10,1,#VUCVG2J0,Sheer Force,15,#2JR2CPYV,Starfleet,18,2021-08-21 22:07:51,20,normal
#PLL9V9G2R,King of IDK,20,8,11122453,34,#PLL9V9G2R,#LLURGGVP0,3,3,100,#LLURGGVP0,MiniPix,20,5,0,#VUCVG2J0,Sheer Force,15,#2JR2CPYV,Starfleet,18,2021-08-21 22:07:51,20,normal
#8PYQ0LCG,-_-Jambo-_-,4,11,11122453,35,#8PYQ0LCG,#CYP2C8GP,1,1,67,#CYP2C8GP,Chief T,4,11,1,#VUCVG2J0,Sheer Force,15,#2JR2CPYV,Starfleet,18,2021-08-21 22:07:51,20,normal
#Q0L0VY0PQ,Kismet_27,11,9,11122453,36,#Q0L0VY0PQ,#LUVUPQ29V,3,3,100,#LUVUPQ29V,GooseBender,15,9,1,#VUCVG2J0,Sheer Force,15,#2JR2CPYV,Starfleet,18,2021-08-21 22:07:51,20,normal
#Q0L0VY0PQ,Kismet_27,11,9,11122453,37,#Q0L0VY0PQ,#282JVQYLC,2,2,61,#282JVQYLC,Jake,7,10,1,#VUCVG2J0,Sheer Force,15,#2JR2CPYV,Starfleet,18,2021-08-21 22:07:51,20,normal
#RVCRYRY,Lindberghh V,10,9,11122453,38,#RVCRYRY,#YVJ8U9VQL,2,0,95,#YVJ8U9VQL,John Wick,14,9,1,#VUCVG2J0,Sheer Force,15,#2JR2CPYV,Starfleet,18,2021-08-21 22:07:51,20,normal
#YVJ8U9VQL,John Wick,14,9,11122453,39,#YVJ8U9VQL,#QPYRLQVC9,2,0,73,#QPYRLQVC9,joker face,16,9,0,#VUCVG2J0,Sheer Force,15,#2JR2CPYV,Starfleet,18,2021-08-21 22:07:51,20,normal
#PR8R0909Y,Micah,10,9,11122453,40,#PR8R0909Y,#RVCRYRY,2,2,73,#RVCRYRY,Lindberghh V,10,9,0,#VUCVG2J0,Sheer Force,15,#2JR2CPYV,Starfleet,18,2021-08-21 22:07:51,20,normal
#QY08U9Y8L,baconvan,19,8,11122453,41,#QY08U9Y8L,#PLL9V9G2R,3,3,100,#PLL9V9G2R,King of IDK,20,8,1,#VUCVG2J0,Sheer Force,15,#2JR2CPYV,Starfleet,18,2021-08-21 22:07:51,20,normal
#9VVV299LJ,Marks,6,10,11122453,42,#9VVV299LJ,#QU29PUQ8,3,3,100,#QU29PUQ8,Pork_Adobo,9,9,0,#VUCVG2J0,Sheer Force,15,#2JR2CPYV,Starfleet,18,2021-08-21 22:07:51,20,normal
#QPYRLQVC9,joker face,16,9,11122453,43,#QPYRLQVC9,#Q0G8YV9JC,3,0,100,#Q0G8YV9JC,freelegnd,17,8,1,#VUCVG2J0,Sheer Force,15,#2JR2CPYV,Starfleet,18,2021-08-21 22:07:51,20,normal
#Q0G8YV9JC,freelegnd,17,8,11122453,44,#Q0G8YV9JC,#LLURGGVP0,3,0,100,#LLURGGVP0,MiniPix,20,5,0,#VUCVG2J0,Sheer Force,15,#2JR2CPYV,Starfleet,18,2021-08-21 22:07:51,20,normal
#YPCQ8UJVU,snap-xhunterxcw,9,10,11122453,45,#YPCQ8UJVU,#QPYRLQVC9,3,1,100,#QPYRLQVC9,joker face,16,9,0,#VUCVG2J0,Sheer Force,15,#2JR2CPYV,Starfleet,18,2021-08-21 22:07:51,20,normal
#Q0G8YV9JC,freelegnd,17,8,11122453,46,#Q0G8YV9JC,#Y9CP0YPC8,1,0,36,#Y9CP0YPC8,marbabe,17,8,0,#VUCVG2J0,Sheer Force,15,#2JR2CPYV,Starfleet,18,2021-08-21 22:07:51,20,normal
#990LG8Q9R,Pixal,2,11,11122453,47,#990LG8Q9R,#CYP2C8GP,2,1,89,#CYP2C8GP,Chief T,4,11,1,#VUCVG2J0,Sheer Force,15,#2JR2CPYV,Starfleet,18,2021-08-21 22:07:51,20,normal
#PRVRYCVJ2,Punisher's War,3,12,11122453,48,#PRVRYCVJ2,#8PYQ0LCG,3,3,100,#8PYQ0LCG,-_-Jambo-_-,4,11,0,#VUCVG2J0,Sheer Force,15,#2JR2CPYV,Starfleet,18,2021-08-21 22:07:51,20,normal
#9C02URYL,spacerock12,8,10,11122453,49,#9C02URYL,#9VVV299LJ,2,2,70,#9VVV299LJ,Marks,6,10,1,#VUCVG2J0,Sheer Force,15,#2JR2CPYV,Starfleet,18,2021-08-21 22:07:51,20,normal
#9YQY8R22R,bri,2,12,11122453,50,#9YQY8R22R,#RCV08YPR,2,2,62,#RCV08YPR,littlesonshine,1,12,0,#VUCVG2J0,Sheer Force,15,#2JR2CPYV,Starfleet,18,2021-08-21 22:07:51,20,normal
#PRVRYCVJ2,Punisher's War,3,12,11122453,51,#PRVRYCVJ2,#JCYYY9VY,3,3,100,#JCYYY9VY,Blue,3,11,0,#VUCVG2J0,Sheer Force,15,#2JR2CPYV,Starfleet,18,2021-08-21 22:07:51,20,normal
#8PYQ0LCG,-_-Jambo-_-,4,11,11122453,52,#8PYQ0LCG,#9VVV299LJ,3,1,100,#9VVV299LJ,Marks,6,10,1,#VUCVG2J0,Sheer Force,15,#2JR2CPYV,Starfleet,18,2021-08-21 22:07:51,20,normal
#RCV08YPR,littlesonshine,1,12,11122453,53,#RCV08YPR,#CYP2C8GP,3,1,100,#CYP2C8GP,Chief T,4,11,1,#VUCVG2J0,Sheer Force,15,#2JR2CPYV,Starfleet,18,2021-08-21 22:07:51,20,normal
#LUCC0GYPY,Lindberghh II,7,10,11122453,54,#LUCC0GYPY,#282JVQYLC,3,1,100,#282JVQYLC,Jake,7,10,1,#VUCVG2J0,Sheer Force,15,#2JR2CPYV,Starfleet,18,2021-08-21 22:07:51,20,normal
#CYP2C8GP,Chief T,4,11,11122453,55,#CYP2C8GP,#8Y0C08VU0,3,3,100,#8Y0C08VU0,ml,6,10,0,#VUCVG2J0,Sheer Force,15,#2JR2CPYV,Starfleet,18,2021-08-21 22:07:51,20,normal
#292LQVGP8,SkyNet,5,10,11122453,56,#292LQVGP8,#YVJ8U9VQL,3,1,100,#YVJ8U9VQL,John Wick,14,9,1,#VUCVG2J0,Sheer Force,15,#2JR2CPYV,Starfleet,18,2021-08-21 22:07:51,20,normal
#RVCRYRY,Lindberghh V,10,9,11122453,57,#RVCRYRY,#PY99VGPUJ,2,0,79,#PY99VGPUJ,Soorya,11,9,1,#VUCVG2J0,Sheer Force,15,#2JR2CPYV,Starfleet,18,2021-08-21 22:07:51,20,normal
#P82C2VYL,Ivan the great,15,9,11122453,58,#P82C2VYL,#2UP9CQUC9,1,0,57,#2UP9CQUC9,Kirby,8,10,1,#VUCVG2J0,Sheer Force,15,#2JR2CPYV,Starfleet,18,2021-08-21 22:07:51,20,normal
#9QY00C9P2,Meat,1,12,11122453,59,#9QY00C9P2,#LUCC0GYPY,3,3,100,#LUCC0GYPY,Lindberghh II,7,10,0,#VUCVG2J0,Sheer Force,15,#2JR2CPYV,Starfleet,18,2021-08-21 22:07:51,20,normal
#9QY00C9P2,Meat,1,12,11122453,60,#9QY00C9P2,#990LG8Q9R,2,0,82,#990LG8Q9R,Pixal,2,11,0,#VUCVG2J0,Sheer Force,15,#2JR2CPYV,Starfleet,18,2021-08-21 22:07:51,20,normal
#YLR9J8VL9,Kak_Tak?,20,8,11117964,1,#YLR9J8VL9,#LLURGGVP0,3,3,100,#LLURGGVP0,MiniPix,20,5,0,#VUCVG2J0,Sheer Force,15,#2PGCGCU89,SAVAGE,5,2021-08-19 19:29:21,20,normal
#YLR9J8VL9,Kak_Tak?,20,8,11117964,2,#YLR9J8VL9,#9PJG98QCR,1,1,43,#9PJG98QCR,Right Pix,18,8,0,#VUCVG2J0,Sheer Force,15,#2PGCGCU89,SAVAGE,5,2021-08-19 19:29:21,20,normal
#Y0YJVPGLY,макс,2,12,11117964,3,#Y0YJVPGLY,#JCYYY9VY,2,2,74,#JCYYY9VY,Blue,4,11,0,#VUCVG2J0,Sheer Force,15,#2PGCGCU89,SAVAGE,5,2021-08-19 19:29:21,20,normal
#JCYYY9VY,Blue,4,11,11117964,4,#JCYYY9VY,#228RUUQRL,3,3,100,#228RUUQRL,Abdullo,4,11,1,#VUCVG2J0,Sheer Force,15,#2PGCGCU89,SAVAGE,5,2021-08-19 19:29:21,20,normal
#RVCRYRY,Lindberghh V,11,9,11117964,5,#RVCRYRY,#QL8J0URG9,3,3,100,#QL8J0URG9,П С І Х ❤️,9,11,1,#VUCVG2J0,Sheer Force,15,#2PGCGCU89,SAVAGE,5,2021-08-19 19:29:21,20,normal
#QY08U9Y8L,baconvan,19,8,11117964,6,#QY08U9Y8L,#9RG2JJQJJ,1,1,46,#9RG2JJQJJ,lakalut,18,9,1,#VUCVG2J0,Sheer Force,15,#2PGCGCU89,SAVAGE,5,2021-08-19 19:29:21,20,normal
#YRPC0UYRL,Meximanian,15,9,11117964,7,#YRPC0UYRL,#9RG2JJQJJ,3,2,100,#9RG2JJQJJ,lakalut,18,9,1,#VUCVG2J0,Sheer Force,15,#2PGCGCU89,SAVAGE,5,2021-08-19 19:29:21,20,normal
#2G0R9YRCR,John,9,10,11117964,8,#2G0R9YRCR,#LR809Y0PY,2,2,82,#LR809Y0PY,lol,6,10,1,#VUCVG2J0,Sheer Force,15,#2PGCGCU89,SAVAGE,5,2021-08-19 19:29:21,20,normal
#YRPC0UYRL,Meximanian,15,9,11117964,9,#YRPC0UYRL,#QY2LG2PVV,3,3,100,#QY2LG2PVV,бомж Никита,17,9,1,#VUCVG2J0,Sheer Force,15,#2PGCGCU89,SAVAGE,5,2021-08-19 19:29:21,20,normal
#2G0R9YRCR,John,9,10,11117964,10,#2G0R9YRCR,#Q0G99LJRG,3,3,100,#Q0G99LJRG,ჟაოდნ,8,10,1,#VUCVG2J0,Sheer Force,15,#2PGCGCU89,SAVAGE,5,2021-08-19 19:29:21,20,normal
#Q0L0VY0PQ,Kismet_27,12,9,11117964,11,#Q0L0VY0PQ,#YU99CYCPR,2,2,99,#YU99CYCPR,VeRtXx,11,9,1,#VUCVG2J0,Sheer Force,15,#2PGCGCU89,SAVAGE,5,2021-08-19 19:29:21,20,normal
#Q89LQQQPL,Noso4ek,16,9,11117964,12,#Q89LQQQPL,#P82C2VYL,2,2,69,#P82C2VYL,Ivan the great,16,9,0,#VUCVG2J0,Sheer Force,15,#2PGCGCU89,SAVAGE,5,2021-08-19 19:29:21,20,normal
#QPYRLQVC9,joker face,17,9,11117964,13,#QPYRLQVC9,#Q89LQQQPL,3,3,100,#Q89LQQQPL,Noso4ek,16,9,1,#VUCVG2J0,Sheer Force,15,#2PGCGCU89,SAVAGE,5,2021-08-19 19:29:21,20,normal
#P09PCQRP8,Враг,7,10,11117964,14,#P09PCQRP8,#9C02URYL,2,2,57,#9C02URYL,spacerock12,8,10,0,#VUCVG2J0,Sheer Force,15,#2PGCGCU89,SAVAGE,5,2021-08-19 19:29:21,20,normal
#P09PCQRP8,Враг,7,10,11117964,15,#P09PCQRP8,#YRPC0UYRL,2,2,72,#YRPC0UYRL,Meximanian,15,9,0,#VUCVG2J0,Sheer Force,15,#2PGCGCU89,SAVAGE,5,2021-08-19 19:29:21,20,normal
#Q89LQQQPL,Noso4ek,16,9,11117964,16,#Q89LQQQPL,#QPYRLQVC9,1,1,73,#QPYRLQVC9,joker face,17,9,0,#VUCVG2J0,Sheer Force,15,#2PGCGCU89,SAVAGE,5,2021-08-19 19:29:21,20,normal
#QY2LG2PVV,бомж Никита,17,9,11117964,17,#QY2LG2PVV,#QY08U9Y8L,2,2,87,#QY08U9Y8L,baconvan,19,8,0,#VUCVG2J0,Sheer Force,15,#2PGCGCU89,SAVAGE,5,2021-08-19 19:29:21,20,normal
#QY2LG2PVV,бомж Никита,17,9,11117964,18,#QY2LG2PVV,#9PJG98QCR,3,2,100,#9PJG98QCR,Right Pix,18,8,0,#VUCVG2J0,Sheer Force,15,#2PGCGCU89,SAVAGE,5,2021-08-19 19:29:21,20,normal
#Y0YJVPGLY,макс,2,12,11117964,19,#Y0YJVPGLY,#YUGRG09CG,2,2,92,#YUGRG09CG,Ice Witch,3,11,0,#VUCVG2J0,Sheer Force,15,#2PGCGCU89,SAVAGE,5,2021-08-19 19:29:21,20,normal
#2P9C8Y8R8,PENCIL,13,9,11117964,20,#2P9C8Y8R8,#QL29LYUP8,3,3,100,#QL29LYUP8,M O R T R E D,13,9,1,#VUCVG2J0,Sheer Force,15,#2PGCGCU89,SAVAGE,5,2021-08-19 19:29:21,20,normal
#PUGJ2R0C,Harvey,6,10,11117964,21,#PUGJ2R0C,#JQU9C88J,3,3,100,#JQU9C88J,saidosen,10,10,1,#VUCVG2J0,Sheer Force,15,#2PGCGCU89,SAVAGE,5,2021-08-19 19:29:21,20,normal
#YUGRG09CG,Ice Witch,3,11,11117964,22,#YUGRG09CG,#9QVVUPRCV,3,3,100,#9QVVUPRCV,Beghan,3,12,1,#VUCVG2J0,Sheer Force,15,#2PGCGCU89,SAVAGE,5,2021-08-19 19:29:21,20,normal
#RVCRYRY,Lindberghh V,11,9,11117964,23,#RVCRYRY,#9JLGCQJ8R,2,2,74,#9JLGCQJ8R,DYAVL,12,9,1,#VUCVG2J0,Sheer Force,15,#2PGCGCU89,SAVAGE,5,2021-08-19 19:29:21,20,normal
#LR809Y0PY,lol,6,10,11117964,24,#LR809Y0PY,#2G0R9YRCR,2,2,61,#2G0R9YRCR,John,9,10,0,#VUCVG2J0,Sheer Force,15,#2PGCGCU89,SAVAGE,5,2021-08-19 19:29:21,20,normal
#RVYY9Q8P,ZekeTheFreak,1,12,11117964,25,#RVYY9Q8P,#Y0YJVPGLY,3,3,100,#Y0YJVPGLY,макс,2,12,1,#VUCVG2J0,Sheer Force,15,#2PGCGCU89,SAVAGE,5,2021-08-19 19:29:21,20,normal
#9RG2JJQJJ,lakalut,18,9,11117964,26,#9RG2JJQJJ,#Q0L0VY0PQ,2,2,65,#Q0L0VY0PQ,Kismet_27,12,9,0,#VUCVG2J0,Sheer Force,15,#2PGCGCU89,SAVAGE,5,2021-08-19 19:29:21,20,normal
#9RG2JJQJJ,lakalut,18,9,11117964,27,#9RG2JJQJJ,#QU29PUQ8,2,2,57,#QU29PUQ8,Pork_Adobo,10,9,0,#VUCVG2J0,Sheer Force,15,#2PGCGCU89,SAVAGE,5,2021-08-19 19:29:21,20,normal
#LR809Y0PY,lol,6,10,11117964,28,#LR809Y0PY,#RVCRYRY,3,3,100,#RVCRYRY,Lindberghh V,11,9,0,#VUCVG2J0,Sheer Force,15,#2PGCGCU89,SAVAGE,5,2021-08-19 19:29:21,20,normal
#228RUUQRL,Abdullo,4,11,11117964,29,#228RUUQRL,#292LQVGP8,3,3,100,#292LQVGP8,SkyNet,5,10,0,#VUCVG2J0,Sheer Force,15,#2PGCGCU89,SAVAGE,5,2021-08-19 19:29:21,20,normal
#Q0L0VY0PQ,Kismet_27,12,9,11117964,30,#Q0L0VY0PQ,#P09PCQRP8,3,3,100,#P09PCQRP8,Враг,7,10,1,#VUCVG2J0,Sheer Force,15,#2PGCGCU89,SAVAGE,5,2021-08-19 19:29:21,20,normal
#YUGRG09CG,Ice Witch,3,11,11117964,31,#YUGRG09CG,#LVLCPLGR,3,3,100,#LVLCPLGR,muhamcheek,5,10,1,#VUCVG2J0,Sheer Force,15,#2PGCGCU89,SAVAGE,5,2021-08-19 19:29:21,20,normal
#QPYRLQVC9,joker face,17,9,11117964,32,#QPYRLQVC9,#QPCRRL9GG,3,3,100,#QPCRRL9GG,MstrMur,15,9,1,#VUCVG2J0,Sheer Force,15,#2PGCGCU89,SAVAGE,5,2021-08-19 19:29:21,20,normal
#JCYYY9VY,Blue,4,11,11117964,33,#JCYYY9VY,#LYJPVCP0R,1,1,67,#LYJPVCP0R,_AsaDBeK_007_,1,13,1,#VUCVG2J0,Sheer Force,15,#2PGCGCU89,SAVAGE,5,2021-08-19 19:29:21,20,normal
#29Q8Y200G,Pixalite,14,9,11117964,34,#29Q8Y200G,#Y08R08LUP,3,3,100,#Y08R08LUP,hamza_chanchiri,14,9,1,#VUCVG2J0,Sheer Force,15,#2PGCGCU89,SAVAGE,5,2021-08-19 19:29:21,20,normal
#9PJG98QCR,Right Pix,18,8,11117964,35,#9PJG98QCR,#LJ9QQUPL9,3,3,100,#LJ9QQUPL9,ship,19,8,1,#VUCVG2J0,Sheer Force,15,#2PGCGCU89,SAVAGE,5,2021-08-19 19:29:21,20,normal
#9PJG98QCR,Right Pix,18,8,11117964,36,#9PJG98QCR,#YLR9J8VL9,3,3,100,#YLR9J8VL9,Kak_Tak?,20,8,1,#VUCVG2J0,Sheer Force,15,#2PGCGCU89,SAVAGE,5,2021-08-19 19:29:21,20,normal
#29Q8Y200G,Pixalite,14,9,11117964,37,#29Q8Y200G,#9JLGCQJ8R,3,1,100,#9JLGCQJ8R,DYAVL,12,9,1,#VUCVG2J0,Sheer Force,15,#2PGCGCU89,SAVAGE,5,2021-08-19 19:29:21,20,normal
#P82C2VYL,Ivan the great,16,9,11117964,38,#P82C2VYL,#YU99CYCPR,3,1,100,#YU99CYCPR,VeRtXx,11,9,1,#VUCVG2J0,Sheer Force,15,#2PGCGCU89,SAVAGE,5,2021-08-19 19:29:21,20,normal
#9QVVUPRCV,Beghan,3,12,11117964,39,#9QVVUPRCV,#PUGJ2R0C,3,3,100,#PUGJ2R0C,Harvey,6,10,0,#VUCVG2J0,Sheer Force,15,#2PGCGCU89,SAVAGE,5,2021-08-19 19:29:21,20,normal
#292LQVGP8,SkyNet,5,10,11117964,40,#292LQVGP8,#LR809Y0PY,3,1,100,#LR809Y0PY,lol,6,10,1,#VUCVG2J0,Sheer Force,15,#2PGCGCU89,SAVAGE,5,2021-08-19 19:29:21,20,normal
#P82C2VYL,Ivan the great,16,9,11117964,41,#P82C2VYL,#Q0G99LJRG,1,0,73,#Q0G99LJRG,ჟაოდნ,8,10,1,#VUCVG2J0,Sheer Force,15,#2PGCGCU89,SAVAGE,5,2021-08-19 19:29:21,20,normal
#9C02URYL,spacerock12,8,10,11117964,42,#9C02URYL,#P09PCQRP8,3,0,100,#P09PCQRP8,Враг,7,10,1,#VUCVG2J0,Sheer Force,15,#2PGCGCU89,SAVAGE,5,2021-08-19 19:29:21,20,normal
#QY08U9Y8L,baconvan,19,8,11117964,43,#QY08U9Y8L,#YLR9J8VL9,3,0,100,#YLR9J8VL9,Kak_Tak?,20,8,1,#VUCVG2J0,Sheer Force,15,#2PGCGCU89,SAVAGE,5,2021-08-19 19:29:21,20,normal
#9C02URYL,spacerock12,8,10,11117964,44,#9C02URYL,#LVLCPLGR,1,0,62,#LVLCPLGR,muhamcheek,5,10,1,#VUCVG2J0,Sheer Force,15,#2PGCGCU89,SAVAGE,5,2021-08-19 19:29:21,20,normal
#9QVVUPRCV,Beghan,3,12,11117964,45,#9QVVUPRCV,#8Y0C08VU0,3,3,100,#8Y0C08VU0,ml,7,10,0,#VUCVG2J0,Sheer Force,15,#2PGCGCU89,SAVAGE,5,2021-08-19 19:29:21,20,normal
#PUGJ2R0C,Harvey,6,10,11117964,46,#PUGJ2R0C,#LYJPVCP0R,1,0,65,#LYJPVCP0R,_AsaDBeK_007_,1,13,1,#VUCVG2J0,Sheer Force,15,#2PGCGCU89,SAVAGE,5,2021-08-19 19:29:21,20,normal
#990LG8Q9R,Pixal,2,11,11117964,47,#990LG8Q9R,#LYJPVCP0R,2,1,56,#LYJPVCP0R,_AsaDBeK_007_,1,13,1,#VUCVG2J0,Sheer Force,15,#2PGCGCU89,SAVAGE,5,2021-08-19 19:29:21,20,normal
#990LG8Q9R,Pixal,2,11,11117964,48,#990LG8Q9R,#9QVVUPRCV,3,0,100,#9QVVUPRCV,Beghan,3,12,1,#VUCVG2J0,Sheer Force,15,#2PGCGCU89,SAVAGE,5,2021-08-19 19:29:21,20,normal
#JCYYY9VY,Blue,4,11,11110041,1,#JCYYY9VY,#9QVP8J8V,3,3,100,#9QVP8J8V,Sanairra,3,11,1,#VUCVG2J0,Sheer Force,15,#2YUV2VQC,Ellysium,7,2021-08-15 22:27:27,15,normal
#992QYLLU,Khaleesi,4,11,11110041,2,#992QYLLU,#PUGJ2R0C,2,2,95,#PUGJ2R0C,Harvey,5,10,0,#VUCVG2J0,Sheer Force,15,#2YUV2VQC,Ellysium,7,2021-08-15 22:27:27,15,normal
#8GY8GGVU,Crull,1,12,11110041,3,#8GY8GGVU,#RVYY9Q8P,1,1,98,#RVYY9Q8P,ZekeTheFreak,1,12,0,#VUCVG2J0,Sheer Force,15,#2YUV2VQC,Ellysium,7,2021-08-15 22:27:27,15,normal
#RVYY9Q8P,ZekeTheFreak,1,12,11110041,4,#RVYY9Q8P,#8GY8GGVU,2,2,99,#8GY8GGVU,Crull,1,12,1,#VUCVG2J0,Sheer Force,15,#2YUV2VQC,Ellysium,7,2021-08-15 22:27:27,15,normal
#RVCRYRY,Lindberghh V,9,9,11110041,5,#RVCRYRY,#PRQGGPVCL,2,2,89,#PRQGGPVCL,Noelle Silva,11,9,1,#VUCVG2J0,Sheer Force,15,#2YUV2VQC,Ellysium,7,2021-08-15 22:27:27,15,normal
#LUCC0GYPY,Lindberghh II,6,10,11110041,6,#LUCC0GYPY,#22LU2UJ2,2,2,94,#22LU2UJ2,Ragnar,6,10,1,#VUCVG2J0,Sheer Force,15,#2YUV2VQC,Ellysium,7,2021-08-15 22:27:27,15,normal
#Q2QRVJ09U,Roselei,15,7,11110041,7,#Q2QRVJ09U,#LLURGGVP0,3,3,100,#LLURGGVP0,MiniPix,15,5,0,#VUCVG2J0,Sheer Force,15,#2YUV2VQC,Ellysium,7,2021-08-15 22:27:27,15,normal
#RVYY9Q8P,ZekeTheFreak,1,12,11110041,8,#RVYY9Q8P,#GJQ9YPJJ,3,3,100,#GJQ9YPJJ,Bender,2,11,1,#VUCVG2J0,Sheer Force,15,#2YUV2VQC,Ellysium,7,2021-08-15 22:27:27,15,normal
#JCYYY9VY,Blue,4,11,11110041,9,#JCYYY9VY,#992QYLLU,3,3,100,#992QYLLU,Khaleesi,4,11,1,#VUCVG2J0,Sheer Force,15,#2YUV2VQC,Ellysium,7,2021-08-15 22:27:27,15,normal
#GJQ9YPJJ,Bender,2,11,11110041,10,#GJQ9YPJJ,#YR0QRUYCY,2,2,99,#YR0QRUYCY,morfovvt,2,11,0,#VUCVG2J0,Sheer Force,15,#2YUV2VQC,Ellysium,7,2021-08-15 22:27:27,15,normal
#QCPLPJGC,Mereoleona,8,10,11110041,11,#QCPLPJGC,#2G0R9YRCR,3,3,100,#2G0R9YRCR,John,8,10,0,#VUCVG2J0,Sheer Force,15,#2YUV2VQC,Ellysium,7,2021-08-15 22:27:27,15,normal
#29GPCLPG,Lord Malthazar,5,11,11110041,12,#29GPCLPG,#LUCC0GYPY,1,1,54,#LUCC0GYPY,Lindberghh II,6,10,0,#VUCVG2J0,Sheer Force,15,#2YUV2VQC,Ellysium,7,2021-08-15 22:27:27,15,normal
#Q2V8QYVCQ,Momma Trina,12,9,11110041,13,#Q2V8QYVCQ,#YRPC0UYRL,1,1,57,#YRPC0UYRL,Meximanian,12,9,0,#VUCVG2J0,Sheer Force,15,#2YUV2VQC,Ellysium,7,2021-08-15 22:27:27,15,normal
#2G0R9YRCR,John,8,10,11110041,14,#2G0R9YRCR,#Q82L8L2GQ,3,3,100,#Q82L8L2GQ,Asta,9,10,1,#VUCVG2J0,Sheer Force,15,#2YUV2VQC,Ellysium,7,2021-08-15 22:27:27,15,normal
#Q0L0VY0PQ,Kismet_27,10,9,11110041,15,#Q0L0VY0PQ,#QCPLPJGC,2,2,70,#QCPLPJGC,Mereoleona,8,10,1,#VUCVG2J0,Sheer Force,15,#2YUV2VQC,Ellysium,7,2021-08-15 22:27:27,15,normal
#9C02URYL,spacerock12,7,10,11110041,16,#9C02URYL,#Q8008C2PR,3,3,100,#Q8008C2PR,Yami,10,9,1,#VUCVG2J0,Sheer Force,15,#2YUV2VQC,Ellysium,7,2021-08-15 22:27:27,15,normal
#2G0R9YRCR,John,8,10,11110041,17,#2G0R9YRCR,#QCPLPJGC,3,1,100,#QCPLPJGC,Mereoleona,8,10,1,#VUCVG2J0,Sheer Force,15,#2YUV2VQC,Ellysium,7,2021-08-15 22:27:27,15,normal
#YRPC0UYRL,Meximanian,12,9,11110041,18,#YRPC0UYRL,#Q8U292989,2,2,84,#Q8U292989,Mnms4ever,13,9,1,#VUCVG2J0,Sheer Force,15,#2YUV2VQC,Ellysium,7,2021-08-15 22:27:27,15,normal
#9C02URYL,spacerock12,7,10,11110041,19,#9C02URYL,#2RQGV0YY,3,3,100,#2RQGV0YY,ZABOKA,7,10,1,#VUCVG2J0,Sheer Force,15,#2YUV2VQC,Ellysium,7,2021-08-15 22:27:27,15,normal
#YRPC0UYRL,Meximanian,12,9,11110041,20,#YRPC0UYRL,#Q2QRVJ09U,3,3,100,#Q2QRVJ09U,Roselei,15,7,1,#VUCVG2J0,Sheer Force,15,#2YUV2VQC,Ellysium,7,2021-08-15 22:27:27,15,normal
#YR0QRUYCY,morfovvt,2,11,11110041,21,#YR0QRUYCY,#29GPCLPG,3,3,100,#29GPCLPG,Lord Malthazar,5,11,1,#VUCVG2J0,Sheer Force,15,#2YUV2VQC,Ellysium,7,2021-08-15 22:27:27,15,normal
#8GY8GGVU,Crull,1,12,11110041,22,#8GY8GGVU,#YR0QRUYCY,2,0,96,#YR0QRUYCY,morfovvt,2,11,0,#VUCVG2J0,Sheer Force,15,#2YUV2VQC,Ellysium,7,2021-08-15 22:27:27,15,normal
#PUGJ2R0C,Harvey,5,10,11110041,23,#PUGJ2R0C,#Q2V8QYVCQ,3,3,100,#Q2V8QYVCQ,Momma Trina,12,9,1,#VUCVG2J0,Sheer Force,15,#2YUV2VQC,Ellysium,7,2021-08-15 22:27:27,15,normal
#Q0L0VY0PQ,Kismet_27,10,9,11110041,24,#Q0L0VY0PQ,#QLQPRY288,3,3,100,#QLQPRY288,Novachrono,14,9,1,#VUCVG2J0,Sheer Force,15,#2YUV2VQC,Ellysium,7,2021-08-15 22:27:27,15,normal
#2P9C8Y8R8,PENCIL,11,9,11110041,25,#2P9C8Y8R8,#PRQGGPVCL,2,0,69,#PRQGGPVCL,Noelle Silva,11,9,1,#VUCVG2J0,Sheer Force,15,#2YUV2VQC,Ellysium,7,2021-08-15 22:27:27,15,normal
#2P9C8Y8R8,PENCIL,11,9,11110041,26,#2P9C8Y8R8,#Q8U292989,3,1,100,#Q8U292989,Mnms4ever,13,9,1,#VUCVG2J0,Sheer Force,15,#2YUV2VQC,Ellysium,7,2021-08-15 22:27:27,15,normal
#PUGJ2R0C,Harvey,5,10,11110041,27,#PUGJ2R0C,#PRQGGPVCL,3,1,100,#PRQGGPVCL,Noelle Silva,11,9,1,#VUCVG2J0,Sheer Force,15,#2YUV2VQC,Ellysium,7,2021-08-15 22:27:27,15,normal
#P82C2VYL,Ivan the great,13,9,11110041,28,#P82C2VYL,#Q2V8QYVCQ,1,0,74,#Q2V8QYVCQ,Momma Trina,12,9,1,#VUCVG2J0,Sheer Force,15,#2YUV2VQC,Ellysium,7,2021-08-15 22:27:27,15,normal
#YR0QRUYCY,morfovvt,2,11,11110041,29,#YR0QRUYCY,#22LU2UJ2,3,1,100,#22LU2UJ2,Ragnar,6,10,1,#VUCVG2J0,Sheer Force,15,#2YUV2VQC,Ellysium,7,2021-08-15 22:27:27,15,normal
#29GPCLPG,Lord Malthazar,5,11,11110041,30,#29GPCLPG,#9C02URYL,3,3,100,#9C02URYL,spacerock12,7,10,0,#VUCVG2J0,Sheer Force,15,#2YUV2VQC,Ellysium,7,2021-08-15 22:27:27,15,normal
#P82C2VYL,Ivan the great,13,9,11110041,31,#P82C2VYL,#Q8U292989,1,0,52,#Q8U292989,Mnms4ever,13,9,1,#VUCVG2J0,Sheer Force,15,#2YUV2VQC,Ellysium,7,2021-08-15 22:27:27,15,normal
#RVCRYRY,Lindberghh V,9,9,11110041,32,#RVCRYRY,#Q8U292989,3,0,100,#Q8U292989,Mnms4ever,13,9,1,#VUCVG2J0,Sheer Force,15,#2YUV2VQC,Ellysium,7,2021-08-15 22:27:27,15,normal
#LUCC0GYPY,Lindberghh II,6,10,11110041,33,#LUCC0GYPY,#2RQGV0YY,3,0,100,#2RQGV0YY,ZABOKA,7,10,1,#VUCVG2J0,Sheer Force,15,#2YUV2VQC,Ellysium,7,2021-08-15 22:27:27,15,normal
#9QVP8J8V,Sanairra,3,11,11110041,34,#9QVP8J8V,#YUGRG09CG,2,2,86,#YUGRG09CG,Ice Witch,3,11,0,#VUCVG2J0,Sheer Force,15,#2YUV2VQC,Ellysium,7,2021-08-15 22:27:27,15,normal
#Q82L8L2GQ,Asta,9,10,11110041,35,#Q82L8L2GQ,#RVCRYRY,3,3,100,#RVCRYRY,Lindberghh V,9,9,0,#VUCVG2J0,Sheer Force,15,#2YUV2VQC,Ellysium,7,2021-08-15 22:27:27,15,normal
#22LU2UJ2,Ragnar,6,10,11110041,36,#22LU2UJ2,#LUCC0GYPY,3,2,100,#LUCC0GYPY,Lindberghh II,6,10,0,#VUCVG2J0,Sheer Force,15,#2YUV2VQC,Ellysium,7,2021-08-15 22:27:27,15,normal
#Q8008C2PR,Yami,10,9,11110041,37,#Q8008C2PR,#P82C2VYL,3,3,100,#P82C2VYL,Ivan the great,13,9,0,#VUCVG2J0,Sheer Force,15,#2YUV2VQC,Ellysium,7,2021-08-15 22:27:27,15,normal
#Q82L8L2GQ,Asta,9,10,11110041,38,#Q82L8L2GQ,#Q0L0VY0PQ,3,3,100,#Q0L0VY0PQ,Kismet_27,10,9,0,#VUCVG2J0,Sheer Force,15,#2YUV2VQC,Ellysium,7,2021-08-15 22:27:27,15,normal
#QLQPRY288,Novachrono,14,9,11110041,39,#QLQPRY288,#9PJG98QCR,3,3,100,#9PJG98QCR,Right Pix,14,8,0,#VUCVG2J0,Sheer Force,15,#2YUV2VQC,Ellysium,7,2021-08-15 22:27:27,15,normal
#PRQGGPVCL,Noelle Silva,11,9,11110041,40,#PRQGGPVCL,#YRPC0UYRL,3,2,100,#YRPC0UYRL,Meximanian,12,9,0,#VUCVG2J0,Sheer Force,15,#2YUV2VQC,Ellysium,7,2021-08-15 22:27:27,15,normal
#22LU2UJ2,Ragnar,6,10,11110041,41,#22LU2UJ2,#2P9C8Y8R8,3,3,100,#2P9C8Y8R8,PENCIL,11,9,0,#VUCVG2J0,Sheer Force,15,#2YUV2VQC,Ellysium,7,2021-08-15 22:27:27,15,normal
#992QYLLU,Khaleesi,4,11,11110041,42,#992QYLLU,#JCYYY9VY,2,2,60,#JCYYY9VY,Blue,4,11,0,#VUCVG2J0,Sheer Force,15,#2YUV2VQC,Ellysium,7,2021-08-15 22:27:27,15,normal
#2RQGV0YY,ZABOKA,7,10,11110041,43,#2RQGV0YY,#PUGJ2R0C,2,0,60,#PUGJ2R0C,Harvey,5,10,0,#VUCVG2J0,Sheer Force,15,#2YUV2VQC,Ellysium,7,2021-08-15 22:27:27,15,normal
#YR0QRUYCY,morfovvt,2,11,11105911,1,#YR0QRUYCY,#9LVYURCVV,2,2,88,#9LVYURCVV,man2x=),3,12,1,#VUCVG2J0,Sheer Force,15,#2Y8LVQG20,BigČanža,5,2021-08-13 21:15:09,15,normal
#QPQC9L2CP,Sapphire,7,10,11105911,2,#QPQC9L2CP,#9JPLQYJP,2,2,99,#9JPLQYJP,brutus,7,10,1,#VUCVG2J0,Sheer Force,15,#2Y8LVQG20,BigČanža,5,2021-08-13 21:15:09,15,normal
#YUGRG09CG,Ice Witch,3,11,11105911,3,#YUGRG09CG,#80YJ2U0LC,2,2,79,#80YJ2U0LC,toasteee,4,11,1,#VUCVG2J0,Sheer Force,15,#2Y8LVQG20,BigČanža,5,2021-08-13 21:15:09,15,normal
#88QGQ9UVC,Insigniatis,1,12,11105911,4,#88QGQ9UVC,#88C89G898,2,2,78,#88C89G898,ink7,1,12,1,#VUCVG2J0,Sheer Force,15,#2Y8LVQG20,BigČanža,5,2021-08-13 21:15:09,15,normal
#YJ2GP0VJC,snabahko,12,9,11105911,5,#YJ2GP0VJC,#QPYRLQVC9,2,2,87,#QPYRLQVC9,joker face,12,9,0,#VUCVG2J0,Sheer Force,15,#2Y8LVQG20,BigČanža,5,2021-08-13 21:15:09,15,normal
#88QGQ9UVC,Insigniatis,1,12,11105911,6,#88QGQ9UVC,#Q0VPUCUJG,1,1,97,#Q0VPUCUJG,CoochieMan,2,13,1,#VUCVG2J0,Sheer Force,15,#2Y8LVQG20,BigČanža,5,2021-08-13 21:15:09,15,normal
#QPQC9L2CP,Sapphire,7,10,11105911,7,#QPQC9L2CP,#Q2YPYPRVG,3,3,100,#Q2YPYPRVG,Scott,8,10,1,#VUCVG2J0,Sheer Force,15,#2Y8LVQG20,BigČanža,5,2021-08-13 21:15:09,15,normal
#JCYYY9VY,Blue,4,11,11105911,8,#JCYYY9VY,#9LVYURCVV,1,0,76,#9LVYURCVV,man2x=),3,12,1,#VUCVG2J0,Sheer Force,15,#2Y8LVQG20,BigČanža,5,2021-08-13 21:15:09,15,normal
#PUGJ2R0C,Harvey,5,10,11105911,9,#PUGJ2R0C,#UVVU29UR,2,2,84,#UVVU29UR,Dark Knight,6,10,1,#VUCVG2J0,Sheer Force,15,#2Y8LVQG20,BigČanža,5,2021-08-13 21:15:09,15,normal
#Q2YU8CUCG,Lt.Pagaran,5,11,11105911,10,#Q2YU8CUCG,#PUGJ2R0C,1,1,49,#PUGJ2R0C,Harvey,5,10,0,#VUCVG2J0,Sheer Force,15,#2Y8LVQG20,BigČanža,5,2021-08-13 21:15:09,15,normal
#JCYYY9VY,Blue,4,11,11105911,11,#JCYYY9VY,#80YJ2U0LC,3,1,100,#80YJ2U0LC,toasteee,4,11,1,#VUCVG2J0,Sheer Force,15,#2Y8LVQG20,BigČanža,5,2021-08-13 21:15:09,15,normal
#Q2YU8CUCG,Lt.Pagaran,5,11,11105911,12,#Q2YU8CUCG,#P82C2VYL,3,3,100,#P82C2VYL,Ivan the great,13,9,0,#VUCVG2J0,Sheer Force,15,#2Y8LVQG20,BigČanža,5,2021-08-13 21:15:09,15,normal
#YRPC0UYRL,Meximanian,11,9,11105911,13,#YRPC0UYRL,#LUC8VJUL2,3,3,100,#LUC8VJUL2,Canzek,15,8,1,#VUCVG2J0,Sheer Force,15,#2Y8LVQG20,BigČanža,5,2021-08-13 21:15:09,15,normal
#YRPC0UYRL,Meximanian,11,9,11105911,14,#YRPC0UYRL,#Q80PYC2JL,3,3,100,#Q80PYC2JL,Ben Swolo,14,9,1,#VUCVG2J0,Sheer Force,15,#2Y8LVQG20,BigČanža,5,2021-08-13 21:15:09,15,normal
#YJ2GP0VJC,snabahko,12,9,11105911,15,#YJ2GP0VJC,#YRPC0UYRL,2,2,80,#YRPC0UYRL,Meximanian,11,9,0,#VUCVG2J0,Sheer Force,15,#2Y8LVQG20,BigČanža,5,2021-08-13 21:15:09,15,normal
#Q80PYC2JL,Ben Swolo,14,9,11105911,16,#Q80PYC2JL,#2P9C8Y8R8,2,2,98,#2P9C8Y8R8,PENCIL,10,9,0,#VUCVG2J0,Sheer Force,15,#2Y8LVQG20,BigČanža,5,2021-08-13 21:15:09,15,normal
#Q0L0VY0PQ,Kismet_27,9,9,11105911,17,#Q0L0VY0PQ,#JU0C92QG,3,3,100,#JU0C92QG,tudu22,11,9,1,#VUCVG2J0,Sheer Force,15,#2Y8LVQG20,BigČanža,5,2021-08-13 21:15:09,15,normal
#80YJ2U0LC,toasteee,4,11,11105911,18,#80YJ2U0LC,#JCYYY9VY,1,1,72,#JCYYY9VY,Blue,4,11,0,#VUCVG2J0,Sheer Force,15,#2Y8LVQG20,BigČanža,5,2021-08-13 21:15:09,15,normal
#2G0R9YRCR,John,8,10,11105911,19,#2G0R9YRCR,#9JPLQYJP,3,1,100,#9JPLQYJP,brutus,7,10,1,#VUCVG2J0,Sheer Force,15,#2Y8LVQG20,BigČanža,5,2021-08-13 21:15:09,15,normal
#88C89G898,ink7,1,12,11105911,20,#88C89G898,#88QGQ9UVC,2,2,65,#88QGQ9UVC,Insigniatis,1,12,0,#VUCVG2J0,Sheer Force,15,#2Y8LVQG20,BigČanža,5,2021-08-13 21:15:09,15,normal
#Q0VPUCUJG,CoochieMan,2,13,11105911,21,#Q0VPUCUJG,#YR0QRUYCY,2,2,98,#YR0QRUYCY,morfovvt,2,11,0,#VUCVG2J0,Sheer Force,15,#2Y8LVQG20,BigČanža,5,2021-08-13 21:15:09,15,normal
#Q8828UQUL,BigVettel,9,9,11105911,22,#Q8828UQUL,#Q0L0VY0PQ,2,2,89,#Q0L0VY0PQ,Kismet_27,9,9,0,#VUCVG2J0,Sheer Force,15,#2Y8LVQG20,BigČanža,5,2021-08-13 21:15:09,15,normal
#Q80PYC2JL,Ben Swolo,14,9,11105911,23,#Q80PYC2JL,#QY08U9Y8L,3,3,100,#QY08U9Y8L,baconvan,14,8,0,#VUCVG2J0,Sheer Force,15,#2Y8LVQG20,BigČanža,5,2021-08-13 21:15:09,15,normal
#PUGJ2R0C,Harvey,5,10,11105911,24,#PUGJ2R0C,#Q2LJGYLUR,3,3,100,#Q2LJGYLUR,DönerKebab,10,9,1,#VUCVG2J0,Sheer Force,15,#2Y8LVQG20,BigČanža,5,2021-08-13 21:15:09,15,normal
#Q0VPUCUJG,CoochieMan,2,13,11105911,25,#Q0VPUCUJG,#YUGRG09CG,3,3,100,#YUGRG09CG,Ice Witch,3,11,0,#VUCVG2J0,Sheer Force,15,#2Y8LVQG20,BigČanža,5,2021-08-13 21:15:09,15,normal
#YUGRG09CG,Ice Witch,3,11,11105911,26,#YUGRG09CG,#Q2YU8CUCG,2,2,80,#Q2YU8CUCG,Lt.Pagaran,5,11,1,#VUCVG2J0,Sheer Force,15,#2Y8LVQG20,BigČanža,5,2021-08-13 21:15:09,15,normal
#Q8828UQUL,BigVettel,9,9,11105911,27,#Q8828UQUL,#2G0R9YRCR,2,2,57,#2G0R9YRCR,John,8,10,0,#VUCVG2J0,Sheer Force,15,#2Y8LVQG20,BigČanža,5,2021-08-13 21:15:09,15,normal
#UVVU29UR,Dark Knight,6,10,11105911,28,#UVVU29UR,#QPQC9L2CP,2,2,59,#QPQC9L2CP,Sapphire,7,10,0,#VUCVG2J0,Sheer Force,15,#2Y8LVQG20,BigČanža,5,2021-08-13 21:15:09,15,normal
#Q2YPYPRVG,Scott,8,10,11105911,29,#Q2YPYPRVG,#9C02URYL,0,0,47,#9C02URYL,spacerock12,6,10,0,#VUCVG2J0,Sheer Force,15,#2Y8LVQG20,BigČanža,5,2021-08-13 21:15:09,15,normal
#UVVU29UR,Dark Knight,6,10,11105911,30,#UVVU29UR,#9C02URYL,2,2,68,#9C02URYL,spacerock12,6,10,0,#VUCVG2J0,Sheer Force,15,#2Y8LVQG20,BigČanža,5,2021-08-13 21:15:09,15,normal
#80YJ2U0LC,toasteee,4,11,11105911,31,#80YJ2U0LC,#PUGJ2R0C,3,2,100,#PUGJ2R0C,Harvey,5,10,0,#VUCVG2J0,Sheer Force,15,#2Y8LVQG20,BigČanža,5,2021-08-13 21:15:09,15,normal
#LUC8VJUL2,Canzek,15,8,11105911,32,#LUC8VJUL2,#LLURGGVP0,3,3,100,#LLURGGVP0,MiniPix,15,5,0,#VUCVG2J0,Sheer Force,15,#2Y8LVQG20,BigČanža,5,2021-08-13 21:15:09,15,normal
#88C89G898,ink7,1,12,11105911,33,#88C89G898,#JCYYY9VY,1,0,62,#JCYYY9VY,Blue,4,11,0,#VUCVG2J0,Sheer Force,15,#2Y8LVQG20,BigČanža,5,2021-08-13 21:15:09,15,normal
#9JPLQYJP,brutus,7,10,11105911,34,#9JPLQYJP,#9C02URYL,2,0,98,#9C02URYL,spacerock12,6,10,0,#VUCVG2J0,Sheer Force,15,#2Y8LVQG20,BigČanža,5,2021-08-13 21:15:09,15,normal
#2P9C8Y8R8,PENCIL,10,9,11105911,35,#2P9C8Y8R8,#Q8828UQUL,3,3,100,#Q8828UQUL,BigVettel,9,9,1,#VUCVG2J0,Sheer Force,15,#2Y8LVQG20,BigČanža,5,2021-08-13 21:15:09,15,normal
#9C02URYL,spacerock12,6,10,11105911,36,#9C02URYL,#UVVU29UR,2,0,73,#UVVU29UR,Dark Knight,6,10,1,#VUCVG2J0,Sheer Force,15,#2Y8LVQG20,BigČanža,5,2021-08-13 21:15:09,15,normal
#P82C2VYL,Ivan the great,13,9,11105911,37,#P82C2VYL,#8P00P9GCV,1,1,88,#8P00P9GCV,besni cobanin,13,10,1,#VUCVG2J0,Sheer Force,15,#2Y8LVQG20,BigČanža,5,2021-08-13 21:15:09,15,normal
#9C02URYL,spacerock12,6,10,11105911,38,#9C02URYL,#YJ2GP0VJC,3,3,100,#YJ2GP0VJC,snabahko,12,9,1,#VUCVG2J0,Sheer Force,15,#2Y8LVQG20,BigČanža,5,2021-08-13 21:15:09,15,normal
#Q0L0VY0PQ,Kismet_27,9,9,11105911,39,#Q0L0VY0PQ,#8P00P9GCV,3,2,100,#8P00P9GCV,besni cobanin,13,10,1,#VUCVG2J0,Sheer Force,15,#2Y8LVQG20,BigČanža,5,2021-08-13 21:15:09,15,normal
#2P9C8Y8R8,PENCIL,10,9,11105911,40,#2P9C8Y8R8,#Q2YPYPRVG,3,0,100,#Q2YPYPRVG,Scott,8,10,1,#VUCVG2J0,Sheer Force,15,#2Y8LVQG20,BigČanža,5,2021-08-13 21:15:09,15,normal
#QY08U9Y8L,baconvan,14,8,11105911,41,#QY08U9Y8L,#LUC8VJUL2,3,0,100,#LUC8VJUL2,Canzek,15,8,1,#VUCVG2J0,Sheer Force,15,#2Y8LVQG20,BigČanža,5,2021-08-13 21:15:09,15,normal
#P82C2VYL,Ivan the great,13,9,11105911,42,#P82C2VYL,#YJ2GP0VJC,1,0,75,#YJ2GP0VJC,snabahko,12,9,1,#VUCVG2J0,Sheer Force,15,#2Y8LVQG20,BigČanža,5,2021-08-13 21:15:09,15,normal
#QPYRLQVC9,joker face,12,9,11105911,43,#QPYRLQVC9,#Q2LJGYLUR,0,0,49,#Q2LJGYLUR,DönerKebab,10,9,1,#VUCVG2J0,Sheer Force,15,#2Y8LVQG20,BigČanža,5,2021-08-13 21:15:09,15,normal
#2G0R9YRCR,John,8,10,11105911,44,#2G0R9YRCR,#UVVU29UR,2,0,74,#UVVU29UR,Dark Knight,6,10,1,#VUCVG2J0,Sheer Force,15,#2Y8LVQG20,BigČanža,5,2021-08-13 21:15:09,15,normal
#YR0QRUYCY,morfovvt,2,11,11105911,45,#YR0QRUYCY,#Q2YU8CUCG,3,1,100,#Q2YU8CUCG,Lt.Pagaran,5,11,1,#VUCVG2J0,Sheer Force,15,#2Y8LVQG20,BigČanža,5,2021-08-13 21:15:09,15,normal
#JU0C92QG,tudu22,11,9,11105911,46,#JU0C92QG,#QPYRLQVC9,2,0,70,#QPYRLQVC9,joker face,12,9,0,#VUCVG2J0,Sheer Force,15,#2Y8LVQG20,BigČanža,5,2021-08-13 21:15:09,15,normal
#QPYRLQVC9,joker face,12,9,11105911,47,#QPYRLQVC9,#Q80PYC2JL,3,0,100,#Q80PYC2JL,Ben Swolo,14,9,1,#VUCVG2J0,Sheer Force,15,#2Y8LVQG20,BigČanža,5,2021-08-13 21:15:09,15,normal
#Q2LJGYLUR,DönerKebab,10,9,11105911,48,#Q2LJGYLUR,#YRPC0UYRL,2,0,73,#YRPC0UYRL,Meximanian,11,9,0,#VUCVG2J0,Sheer Force,15,#2Y8LVQG20,BigČanža,5,2021-08-13 21:15:09,15,normal
#JU0C92QG,tudu22,11,9,11105911,49,#JU0C92QG,#Q0L0VY0PQ,0,0,42,#Q0L0VY0PQ,Kismet_27,9,9,0,#VUCVG2J0,Sheer Force,15,#2Y8LVQG20,BigČanža,5,2021-08-13 21:15:09,15,normal
